Percentage,Avg_Aleatoric_norm,Avg_Epistemic_norm,Avg_Total_norm,Correlation_Epi_Ale
1,0.13136415,0.12804553,0.25940967,0.17376723772876812
5,0.2763626,0.05521836,0.33158097,0.8495714293797855
10,0.22472407,0.046752013,0.2714761,0.8633574181548095
15,0.1916865,0.036926635,0.22861312,0.8365623305136597
25,0.19190216,0.031676173,0.22357833,0.8543526022750617
50,0.22057468,0.03234074,0.25291544,0.7974556632542867
100,0.20496157,0.024996947,0.22995855,0.859545164496766
