Percentage,Avg_Aleatoric_norm,Avg_Epistemic_norm,Avg_Total_norm,Correlation_Epi_Ale
1,0.09718745,0.2072761,0.30446357,0.038566903757764455
5,0.27266112,0.029816762,0.30247787,0.4873761878888091
10,0.23969196,0.105861455,0.3455534,0.5929508605850095
15,0.19864085,0.026065588,0.22470644,0.4723153176917038
25,0.18689375,0.023723284,0.21061704,0.12106161362965877
50,0.21495728,0.02166003,0.23661731,0.7128674968793086
100,0.2190714,0.031279184,0.2503506,0.473627451109033
