Percentage,Avg_Aleatoric_norm,Avg_Epistemic_norm,Avg_Total_norm,Correlation_Epi_Ale
1,0.53245664,0.019280719,0.55173737,-0.3630452224743765
5,0.26834288,0.026435692,0.2947786,0.9490197828320126
10,0.34144932,0.44739547,0.78884476,0.9943173849434022
15,0.15896279,0.10150575,0.26046848,0.9951930777113818
25,0.07701876,0.06331779,0.14033654,0.9975433857152055
50,0.14507383,0.4932782,0.63835204,0.9989790175894544
100,0.25417045,0.11694917,0.37111965,0.9853064508694802
